,accuracy,dummy accuracy
0,0.59375,0.65625
1,0.59375,0.625
2,0.5625,0.59375
3,0.71875,0.6875
4,0.5,0.53125
5,0.65625,0.78125
6,0.625,0.625
7,0.59375,0.59375
8,0.625,0.59375
9,0.6875,0.71875
10,0.59375,0.65625
11,0.59375,0.59375
12,0.59375,0.59375
13,0.53125,0.53125
14,0.65625,0.625
15,0.625,0.65625
16,0.71875,0.75
17,0.59375,0.65625
18,0.65625,0.59375
19,0.59375,0.65625
